{
    "years": [
        "2023-24",
        "2024-25"
    ],
    "habitats": [
        {
            "name": "arable margins",
            "metrics": {
                "2023-24": {
                    "areaha": 1.3813007928649401,
                    "percent_area": 0.3923960365736383,
                    "biomscore": 13.8130079286494,
                    "no10msquares": 252,
                    "percent_squares": 0.45158053186151526
                },
                "2024-25": {
                    "areaha": 1.3813007928649401,
                    "percent_area": 0.39144040906386113,
                    "biomscore": 13.8130079286494,
                    "no10msquares": 252,
                    "percent_squares": 0.4448995445076092
                }
            }
        },
        {
            "name": "buildings",
            "metrics": {
                "2023-24": {
                    "areaha": 53.551924840326954,
                    "percent_area": 15.212879893198117,
                    "biomscore": 535.5192484032696,
                    "no10msquares": 8574,
                    "percent_squares": 15.364490000716794
                },
                "2024-25": {
                    "areaha": 53.11889339784603,
                    "percent_area": 15.053116213410842,
                    "biomscore": 529.510200912693,
                    "no10msquares": 8490,
                    "percent_squares": 14.988877511387312
                }
            }
        },
        {
            "name": "freshwater",
            "metrics": {
                "2023-24": {
                    "areaha": 10.060477533227447,
                    "percent_area": 2.857952106064257,
                    "biomscore": 100.60477533227447,
                    "no10msquares": 1541,
                    "percent_squares": 2.761450792057917
                },
                "2024-25": {
                    "areaha": 10.060477533227447,
                    "percent_area": 2.8509919499983893,
                    "biomscore": 100.60477533227447,
                    "no10msquares": 1541,
                    "percent_squares": 2.7205960241516896
                }
            }
        },
        {
            "name": "garden",
            "metrics": {
                "2023-24": {
                    "areaha": 13.613261822983462,
                    "percent_area": 3.8672170549461473,
                    "biomscore": 136.13261822983463,
                    "no10msquares": 3074,
                    "percent_squares": 5.508565694215468
                },
                "2024-25": {
                    "areaha": 11.41352782860519,
                    "percent_area": 3.2344265819355247,
                    "biomscore": 114.13527828605189,
                    "no10msquares": 2682,
                    "percent_squares": 4.735002295116698
                }
            }
        },
        {
            "name": "hedge",
            "metrics": {
                "2023-24": {
                    "areaha": 5.1371468211971045,
                    "percent_area": 1.4593461918990644,
                    "biomscore": 51.37146821197105,
                    "no10msquares": 1972,
                    "percent_squares": 3.5337968604401118
                },
                "2024-25": {
                    "areaha": 6.529050730051219,
                    "percent_area": 1.8502373283006166,
                    "biomscore": 92.41553841547427,
                    "no10msquares": 2366,
                    "percent_squares": 4.17711239009922
                }
            }
        },
        {
            "name": "intertidal mudflat",
            "metrics": {
                "2023-24": {
                    "areaha": 14.914228789162689,
                    "percent_area": 4.236792084424809,
                    "biomscore": 149.1422878916269,
                    "no10msquares": 1718,
                    "percent_squares": 3.078632356103505
                },
                "2024-25": {
                    "areaha": 14.914228789162689,
                    "percent_area": 4.226473949959344,
                    "biomscore": 149.1422878916269,
                    "no10msquares": 1718,
                    "percent_squares": 3.0330849899367958
                }
            }
        },
        {
            "name": "modified grassland",
            "metrics": {
                "2023-24": {
                    "areaha": 107.10499080926554,
                    "percent_area": 30.426083954996397,
                    "biomscore": 1071.0499080926554,
                    "no10msquares": 15601,
                    "percent_squares": 27.956777291950395
                },
                "2024-25": {
                    "areaha": 96.44049182050628,
                    "percent_area": 27.32982255822834,
                    "biomscore": 964.4049182050627,
                    "no10msquares": 14461,
                    "percent_squares": 25.530525052081494
                }
            }
        },
        {
            "name": "natural grassland",
            "metrics": {
                "2023-24": {
                    "areaha": 15.554524259324605,
                    "percent_area": 4.418685417162624,
                    "biomscore": 155.54524259324606,
                    "no10msquares": 2414,
                    "percent_squares": 4.325854777435309
                },
                "2024-25": {
                    "areaha": 23.460794282898885,
                    "percent_area": 6.648445406314172,
                    "biomscore": 445.61219703429873,
                    "no10msquares": 3585,
                    "percent_squares": 6.329225662935631
                }
            }
        },
        {
            "name": "other developed land",
            "metrics": {
                "2023-24": {
                    "areaha": 47.8592146938073,
                    "percent_area": 13.595710837482342,
                    "biomscore": 478.59214693807303,
                    "no10msquares": 8056,
                    "percent_squares": 14.436241129668122
                },
                "2024-25": {
                    "areaha": 48.17986299561533,
                    "percent_area": 13.653467352703164,
                    "biomscore": 478.24554414304697,
                    "no10msquares": 8099,
                    "percent_squares": 14.29857702764733
                }
            }
        },
        {
            "name": "unsealed unvegetated surface",
            "metrics": {
                "2023-24": {
                    "areaha": 9.13621397334955,
                    "percent_area": 2.5953899186544436,
                    "biomscore": 91.3621397334955,
                    "no10msquares": 1347,
                    "percent_squares": 2.4138054619740523
                },
                "2024-25": {
                    "areaha": 9.13621397334955,
                    "percent_area": 2.5890691973074045,
                    "biomscore": 91.3621397334955,
                    "no10msquares": 1347,
                    "percent_squares": 2.378093993856149
                }
            }
        },
        {
            "name": "woodland",
            "metrics": {
                "2023-24": {
                    "areaha": 73.70372504264726,
                    "percent_area": 20.937546504598163,
                    "biomscore": 737.0372504264726,
                    "no10msquares": 11255,
                    "percent_squares": 20.168805103576805
                },
                "2024-25": {
                    "areaha": 78.24154999135817,
                    "percent_area": 22.172509052778338,
                    "biomscore": 888.8148918622005,
                    "no10msquares": 12101,
                    "percent_squares": 21.364005508280076
                }
            }
        }
    ],
    "totals": {
        "2023-24": {
            "areaha": 352.01700937815684,
            "percent_area": 100.0,